employee_id,name,title,email,username,location_id,deleted
5,Enrique Zieme,Representative,zieme.enrique@example.net,,0,false
8,Johnathon Goyette,Executive,goyette_johnathon@example.com,,0,false
0,Ashleigh Bednar,Architect,ashleigh_bednar@example.org,,0,false
3,Ruben Quitzon,Architect,ruben.quitzon@example.org,,0,false
1,Amira Ebert,Designer,amira_ebert@example.com,,0,false
6,Raymond Cormier,Executive,cormier.raymond@example.net,,0,false
9,Shirley Cassin,Planner,shirley.cassin@example.org,,0,false
2,Rowena Mraz,Developer,mraz.rowena@example.org,,0,false
10,Jonah Spinka,Representative,jonah_spinka@example.net,,0,false
4,Jayson Zemlak,Strategist,jayson.zemlak@example.com,,0,false
7,Samual Lesch,Executive,samual.lesch@example.com,,0,false
16,Vicente Auer,Administrator,vicente_auer@example.net,,1,false
19,Melda Lehner,Specialist,lehner.melda@example.com,,1,false
17,Spencer Abernathy,Analyst,abernathy.spencer@example.com,,1,false
20,Gregorio Turcotte,Developer,turcotte_gregorio@example.com,,1,false
11,Keenan Schamberger,Assistant,keenan.schamberger@example.org,,1,false
18,Yesenia Marquardt,Assistant,yesenia_marquardt@example.net,,1,false
14,James Mitchell,Developer,james.mitchell@example.org,,1,false
13,Stefany Volkman,Supervisor,stefany_volkman@example.org,,1,false
15,Branden Hane,Manager,branden.hane@example.net,,1,false
12,Benton Mann,Orchestrator,mann.benton@example.org,,1,false
27,Rolf Corkery,Executive,rolf.corkery@example.net,,2,false
29,Therese King,Designer,therese_king@example.net,,2,false
23,Pete Farrell,Engineer,farrell.pete@example.net,,2,false
21,Nestor Ryan,Administrator,nestor_ryan@example.com,,2,false
22,Willard Turner,Facilitator,willard.turner@example.org,,2,false
28,Dana Glover,Liaison,dana_glover@example.com,,2,false
26,Cleo Reinger,Architect,cleo_reinger@example.org,,2,false
25,Akilah Lesch,Orchestrator,lesch_akilah@example.net,,2,false
30,Valorie Treutel,Manager,treutel_valorie@example.net,,2,false
24,Jacinta Roob,Architect,jacinta.roob@example.com,,2,false
40,Jean Hane,Orchestrator,jean_hane@example.net,,3,false
37,Raymond Swift,Representative,raymond.swift@example.net,,3,false
38,Damon Pfannerstill,Analyst,damon_pfannerstill@example.org,,3,false
35,Julietta King,Representative,king_julietta@example.net,,3,false
39,Leilani Torphy,Manager,torphy_leilani@example.com,,3,false
34,May West,Coordinator,west.may@example.net,,3,false
36,Bret Dach,Coordinator,dach_bret@example.net,,3,false
31,Dannette Dickens,Liaison,dickens_dannette@example.com,,3,false
33,Dee Friesen,Producer,dee.friesen@example.org,,3,false
32,Glenda Lehner,Analyst,glenda_lehner@example.net,,3,false
49,Aaron Volkman,Executive,volkman_aaron@example.com,,4,false
42,Leisha Steuber,Coordinator,leisha.steuber@example.org,,4,false
45,Ivan Haag,Administrator,ivan_haag@example.org,,4,false
41,Christian Rath,Assistant,christian.rath@example.com,,4,false
44,Jeff Marks,Planner,marks.jeff@example.net,,4,false
43,Valda Hagenes,Manager,hagenes_valda@example.net,,4,false
50,Wade Powlowski,Engineer,wade.powlowski@example.org,,4,false
48,Jeramy Hoppe,Technician,hoppe.jeramy@example.com,,4,false
47,Kit Howell,Supervisor,howell_kit@example.net,,4,false
46,Melinda Lehner,Executive,melinda.lehner@example.com,,4,false
55,Belkis Balistreri,Developer,balistreri.belkis@example.com,,5,false
57,Daron Stamm,Representative,daron.stamm@example.com,,5,false
58,Fletcher Becker,Strategist,becker_fletcher@example.net,,5,false
60,Kris Friesen,Analyst,kris_friesen@example.org,,5,false
59,Janelle Corwin,Liaison,janelle.corwin@example.org,,5,false
56,Brook O'Connell,Producer,o_connell_brook@example.com,,5,false
53,Mohammed Nitzsche,Coordinator,nitzsche.mohammed@example.com,,5,false
54,Robt Prosacco,Supervisor,robt.prosacco@example.com,,5,false
52,Alfonso Rutherford,Facilitator,rutherford_alfonso@example.net,,5,false
51,Vada Hettinger,Officer,vada.hettinger@example.com,,5,false
69,Elissa Bednar,Specialist,bednar.elissa@example.com,,6,false
70,Maritza Sporer,Coordinator,maritza.sporer@example.org,,6,false
68,Ellis Hayes,Associate,ellis_hayes@example.org,,6,false
65,Willie Jacobson,Director,willie.jacobson@example.org,,6,false
62,Dung Beer,Coordinator,dung_beer@example.com,,6,false
66,Josue O'Reilly,Assistant,reilly.o.josue@example.org,,6,false
63,Charles Mann,Supervisor,charles_mann@example.net,,6,false
61,Moon Considine,Strategist,moon.considine@example.net,,6,false
67,Calandra Kozey,Strategist,calandra_kozey@example.net,,6,false
64,Robert Beier,Strategist,robert.beier@example.org,,6,false
72,Hallie Cummings,Representative,cummings.hallie@example.org,,7,false
79,Shiela Kerluke,Administrator,kerluke_shiela@example.net,,7,false
71,Abby Heller,Developer,heller.abby@example.net,,7,false
73,Malorie Donnelly,Consultant,donnelly_malorie@example.org,,7,false
80,Zofia Feeney,Manager,zofia.feeney@example.org,,7,false
74,Tomika Bins,Manager,tomika_bins@example.net,,7,false
76,Adalberto Altenwerth,Administrator,altenwerth.adalberto@example.com,,7,false
77,Hunter McKenzie,Supervisor,mckenzie_hunter@example.org,,7,false
78,Kyle Okuneva,Officer,okuneva_kyle@example.com,,7,false
75,Roland Simonis,Director,simonis.roland@example.org,,7,false
90,Daren Block,Engineer,block_daren@example.com,,8,false
82,Jewel Stracke,Assistant,jewel_stracke@example.org,,8,false
85,Benny Okuneva,Engineer,okuneva.benny@example.com,,8,false
89,Modesto Volkman,Engineer,volkman.modesto@example.com,,8,false
84,Un Von,Administrator,un.von@example.org,,8,false
87,Adrian Konopelski,Representative,adrian_konopelski@example.com,,8,false
86,Ike Cummerata,Developer,ike_cummerata@example.net,,8,false
81,Tianna Williamson,Specialist,tianna.williamson@example.com,,8,false
83,Dora Hammes,Architect,hammes_dora@example.net,,8,false
88,Trinidad Gerlach,Designer,trinidad.gerlach@example.net,,8,false
96,Chieko Willms,Architect,chieko_willms@example.net,,9,false
99,Annelle Mohr,Supervisor,mohr_annelle@example.org,,9,false
98,Junie Dickinson,Agent,junie.dickinson@example.net,,9,false
97,Ollie Terry,Specialist,terry_ollie@example.net,,9,false
93,Josephina Anderson,Designer,anderson_josephina@example.net,,9,false
92,Ismael Sawayn,Planner,sawayn.ismael@example.net,,9,false
91,Corrie Sauer,Strategist,corrie_sauer@example.net,,9,false
94,Darrin Dickinson,Architect,darrin_dickinson@example.net,,9,false
95,Tricia Corkery,Orchestrator,corkery_tricia@example.net,,9,false
